STRUCTURE,STRUCTURE_ID,freq,size_emp,nace_r2,indic_is,unit,geo,TIME_PERIOD,OBS_VALUE,OBS_FLAG
dataflow,ESTAT:ISOC_E_DII(1.0),A,10-249,C10-S951_X_K,E_DI3_GELO,PC_ENT,AT,2023,57.9,
dataflow,ESTAT:ISOC_E_DII(1.0),A,10-249,C10-S951_X_K,E_DI3_GELO,PC_ENT,BA,2023,43.2,
dataflow,ESTAT:ISOC_E_DII(1.0),A,10-249,C10-S951_X_K,E_DI3_GELO,PC_ENT,BE,2023,74.5,
dataflow,ESTAT:ISOC_E_DII(1.0),A,10-249,C10-S951_X_K,E_DI3_GELO,PC_ENT,BG,2023,28.4,
dataflow,ESTAT:ISOC_E_DII(1.0),A,10-249,C10-S951_X_K,E_DI3_GELO,PC_ENT,CY,2023,67.3,
dataflow,ESTAT:ISOC_E_DII(1.0),A,10-249,C10-S951_X_K,E_DI3_GELO,PC_ENT,CZ,2023,49.3,
dataflow,ESTAT:ISOC_E_DII(1.0),A,10-249,C10-S951_X_K,E_DI3_GELO,PC_ENT,DE,2023,61.4,
dataflow,ESTAT:ISOC_E_DII(1.0),A,10-249,C10-S951_X_K,E_DI3_GELO,PC_ENT,DK,2023,75.3,
dataflow,ESTAT:ISOC_E_DII(1.0),A,10-249,C10-S951_X_K,E_DI3_GELO,PC_ENT,EA,2023,59.8,
dataflow,ESTAT:ISOC_E_DII(1.0),A,10-249,C10-S951_X_K,E_DI3_GELO,PC_ENT,EE,2023,55.9,
dataflow,ESTAT:ISOC_E_DII(1.0),A,10-249,C10-S951_X_K,E_DI3_GELO,PC_ENT,EL,2023,43.3,
dataflow,ESTAT:ISOC_E_DII(1.0),A,10-249,C10-S951_X_K,E_DI3_GELO,PC_ENT,ES,2023,60.5,
dataflow,ESTAT:ISOC_E_DII(1.0),A,10-249,C10-S951_X_K,E_DI3_GELO,PC_ENT,EU27_2020,2023,57.7,
dataflow,ESTAT:ISOC_E_DII(1.0),A,10-249,C10-S951_X_K,E_DI3_GELO,PC_ENT,FI,2023,85.6,
dataflow,ESTAT:ISOC_E_DII(1.0),A,10-249,C10-S951_X_K,E_DI3_GELO,PC_ENT,FR,2023,52.0,b
dataflow,ESTAT:ISOC_E_DII(1.0),A,10-249,C10-S951_X_K,E_DI3_GELO,PC_ENT,HR,2023,56.0,
dataflow,ESTAT:ISOC_E_DII(1.0),A,10-249,C10-S951_X_K,E_DI3_GELO,PC_ENT,HU,2023,53.2,
dataflow,ESTAT:ISOC_E_DII(1.0),A,10-249,C10-S951_X_K,E_DI3_GELO,PC_ENT,IE,2023,66.1,
dataflow,ESTAT:ISOC_E_DII(1.0),A,10-249,C10-S951_X_K,E_DI3_GELO,PC_ENT,IT,2023,60.7,
dataflow,ESTAT:ISOC_E_DII(1.0),A,10-249,C10-S951_X_K,E_DI3_GELO,PC_ENT,LT,2023,60.0,
dataflow,ESTAT:ISOC_E_DII(1.0),A,10-249,C10-S951_X_K,E_DI3_GELO,PC_ENT,LU,2023,57.8,
dataflow,ESTAT:ISOC_E_DII(1.0),A,10-249,C10-S951_X_K,E_DI3_GELO,PC_ENT,LV,2023,48.2,
dataflow,ESTAT:ISOC_E_DII(1.0),A,10-249,C10-S951_X_K,E_DI3_GELO,PC_ENT,ME,2023,63.9,
dataflow,ESTAT:ISOC_E_DII(1.0),A,10-249,C10-S951_X_K,E_DI3_GELO,PC_ENT,MT,2023,76.5,
dataflow,ESTAT:ISOC_E_DII(1.0),A,10-249,C10-S951_X_K,E_DI3_GELO,PC_ENT,NL,2023,78.6,
dataflow,ESTAT:ISOC_E_DII(1.0),A,10-249,C10-S951_X_K,E_DI3_GELO,PC_ENT,NO,2023,80.4,
dataflow,ESTAT:ISOC_E_DII(1.0),A,10-249,C10-S951_X_K,E_DI3_GELO,PC_ENT,PL,2023,50.0,
dataflow,ESTAT:ISOC_E_DII(1.0),A,10-249,C10-S951_X_K,E_DI3_GELO,PC_ENT,PT,2023,53.6,
dataflow,ESTAT:ISOC_E_DII(1.0),A,10-249,C10-S951_X_K,E_DI3_GELO,PC_ENT,RO,2023,26.8,
dataflow,ESTAT:ISOC_E_DII(1.0),A,10-249,C10-S951_X_K,E_DI3_GELO,PC_ENT,RS,2023,49.2,
dataflow,ESTAT:ISOC_E_DII(1.0),A,10-249,C10-S951_X_K,E_DI3_GELO,PC_ENT,SE,2023,79.9,b
dataflow,ESTAT:ISOC_E_DII(1.0),A,10-249,C10-S951_X_K,E_DI3_GELO,PC_ENT,SI,2023,50.4,
dataflow,ESTAT:ISOC_E_DII(1.0),A,10-249,C10-S951_X_K,E_DI3_GELO,PC_ENT,SK,2023,42.2,
dataflow,ESTAT:ISOC_E_DII(1.0),A,10-249,C10-S951_X_K,E_DI3_HI,PC_ENT,AT,2021,21.8,
dataflow,ESTAT:ISOC_E_DII(1.0),A,10-249,C10-S951_X_K,E_DI3_HI,PC_ENT,AT,2023,19.6,
dataflow,ESTAT:ISOC_E_DII(1.0),A,10-249,C10-S951_X_K,E_DI3_HI,PC_ENT,BA,2021,6.1,
dataflow,ESTAT:ISOC_E_DII(1.0),A,10-249,C10-S951_X_K,E_DI3_HI,PC_ENT,BA,2023,11.0,
dataflow,ESTAT:ISOC_E_DII(1.0),A,10-249,C10-S951_X_K,E_DI3_HI,PC_ENT,BE,2021,25.0,
dataflow,ESTAT:ISOC_E_DII(1.0),A,10-249,C10-S951_X_K,E_DI3_HI,PC_ENT,BE,2023,32.6,
dataflow,ESTAT:ISOC_E_DII(1.0),A,10-249,C10-S951_X_K,E_DI3_HI,PC_ENT,BG,2021,7.3,
dataflow,ESTAT:ISOC_E_DII(1.0),A,10-249,C10-S951_X_K,E_DI3_HI,PC_ENT,BG,2023,7.6,
dataflow,ESTAT:ISOC_E_DII(1.0),A,10-249,C10-S951_X_K,E_DI3_HI,PC_ENT,CY,2021,22.2,
dataflow,ESTAT:ISOC_E_DII(1.0),A,10-249,C10-S951_X_K,E_DI3_HI,PC_ENT,CY,2023,25.2,
dataflow,ESTAT:ISOC_E_DII(1.0),A,10-249,C10-S951_X_K,E_DI3_HI,PC_ENT,CZ,2021,16.0,
dataflow,ESTAT:ISOC_E_DII(1.0),A,10-249,C10-S951_X_K,E_DI3_HI,PC_ENT,CZ,2023,15.2,
dataflow,ESTAT:ISOC_E_DII(1.0),A,10-249,C10-S951_X_K,E_DI3_HI,PC_ENT,DE,2021,20.2,
dataflow,ESTAT:ISOC_E_DII(1.0),A,10-249,C10-S951_X_K,E_DI3_HI,PC_ENT,DE,2023,20.9,
dataflow,ESTAT:ISOC_E_DII(1.0),A,10-249,C10-S951_X_K,E_DI3_HI,PC_ENT,DK,2021,33.1,
dataflow,ESTAT:ISOC_E_DII(1.0),A,10-249,C10-S951_X_K,E_DI3_HI,PC_ENT,DK,2023,31.1,
dataflow,ESTAT:ISOC_E_DII(1.0),A,10-249,C10-S951_X_K,E_DI3_HI,PC_ENT,EA,2021,19.1,
dataflow,ESTAT:ISOC_E_DII(1.0),A,10-249,C10-S951_X_K,E_DI3_HI,PC_ENT,EA,2023,20.3,
dataflow,ESTAT:ISOC_E_DII(1.0),A,10-249,C10-S951_X_K,E_DI3_HI,PC_ENT,EE,2021,16.0,
dataflow,ESTAT:ISOC_E_DII(1.0),A,10-249,C10-S951_X_K,E_DI3_HI,PC_ENT,EE,2023,17.6,
dataflow,ESTAT:ISOC_E_DII(1.0),A,10-249,C10-S951_X_K,E_DI3_HI,PC_ENT,EL,2021,14.8,
dataflow,ESTAT:ISOC_E_DII(1.0),A,10-249,C10-S951_X_K,E_DI3_HI,PC_ENT,EL,2023,12.9,
dataflow,ESTAT:ISOC_E_DII(1.0),A,10-249,C10-S951_X_K,E_DI3_HI,PC_ENT,ES,2021,21.4,
dataflow,ESTAT:ISOC_E_DII(1.0),A,10-249,C10-S951_X_K,E_DI3_HI,PC_ENT,ES,2023,21.0,
dataflow,ESTAT:ISOC_E_DII(1.0),A,10-249,C10-S951_X_K,E_DI3_HI,PC_ENT,EU27_2020,2021,18.2,
dataflow,ESTAT:ISOC_E_DII(1.0),A,10-249,C10-S951_X_K,E_DI3_HI,PC_ENT,EU27_2020,2023,19.6,
dataflow,ESTAT:ISOC_E_DII(1.0),A,10-249,C10-S951_X_K,E_DI3_HI,PC_ENT,FI,2021,36.0,
dataflow,ESTAT:ISOC_E_DII(1.0),A,10-249,C10-S951_X_K,E_DI3_HI,PC_ENT,FI,2023,38.9,
dataflow,ESTAT:ISOC_E_DII(1.0),A,10-249,C10-S951_X_K,E_DI3_HI,PC_ENT,FR,2021,12.2,
dataflow,ESTAT:ISOC_E_DII(1.0),A,10-249,C10-S951_X_K,E_DI3_HI,PC_ENT,FR,2023,14.9,b
dataflow,ESTAT:ISOC_E_DII(1.0),A,10-249,C10-S951_X_K,E_DI3_HI,PC_ENT,HR,2021,16.1,
dataflow,ESTAT:ISOC_E_DII(1.0),A,10-249,C10-S951_X_K,E_DI3_HI,PC_ENT,HR,2023,19.5,
dataflow,ESTAT:ISOC_E_DII(1.0),A,10-249,C10-S951_X_K,E_DI3_HI,PC_ENT,HU,2021,9.4,
dataflow,ESTAT:ISOC_E_DII(1.0),A,10-249,C10-S951_X_K,E_DI3_HI,PC_ENT,HU,2023,17.3,
dataflow,ESTAT:ISOC_E_DII(1.0),A,10-249,C10-S951_X_K,E_DI3_HI,PC_ENT,IE,2021,23.0,
dataflow,ESTAT:ISOC_E_DII(1.0),A,10-249,C10-S951_X_K,E_DI3_HI,PC_ENT,IE,2023,24.2,
dataflow,ESTAT:ISOC_E_DII(1.0),A,10-249,C10-S951_X_K,E_DI3_HI,PC_ENT,IT,2021,17.3,
dataflow,ESTAT:ISOC_E_DII(1.0),A,10-249,C10-S951_X_K,E_DI3_HI,PC_ENT,IT,2023,18.5,
dataflow,ESTAT:ISOC_E_DII(1.0),A,10-249,C10-S951_X_K,E_DI3_HI,PC_ENT,LT,2021,16.8,
dataflow,ESTAT:ISOC_E_DII(1.0),A,10-249,C10-S951_X_K,E_DI3_HI,PC_ENT,LT,2023,17.8,
dataflow,ESTAT:ISOC_E_DII(1.0),A,10-249,C10-S951_X_K,E_DI3_HI,PC_ENT,LU,2021,18.5,
dataflow,ESTAT:ISOC_E_DII(1.0),A,10-249,C10-S951_X_K,E_DI3_HI,PC_ENT,LU,2023,19.9,
dataflow,ESTAT:ISOC_E_DII(1.0),A,10-249,C10-S951_X_K,E_DI3_HI,PC_ENT,LV,2021,11.1,
dataflow,ESTAT:ISOC_E_DII(1.0),A,10-249,C10-S951_X_K,E_DI3_HI,PC_ENT,LV,2023,16.0,
dataflow,ESTAT:ISOC_E_DII(1.0),A,10-249,C10-S951_X_K,E_DI3_HI,PC_ENT,ME,2021,15.9,
dataflow,ESTAT:ISOC_E_DII(1.0),A,10-249,C10-S951_X_K,E_DI3_HI,PC_ENT,ME,2023,21.4,
dataflow,ESTAT:ISOC_E_DII(1.0),A,10-249,C10-S951_X_K,E_DI3_HI,PC_ENT,MK,2021,7.1,
dataflow,ESTAT:ISOC_E_DII(1.0),A,10-249,C10-S951_X_K,E_DI3_HI,PC_ENT,MT,2021,29.6,
dataflow,ESTAT:ISOC_E_DII(1.0),A,10-249,C10-S951_X_K,E_DI3_HI,PC_ENT,MT,2023,33.6,
dataflow,ESTAT:ISOC_E_DII(1.0),A,10-249,C10-S951_X_K,E_DI3_HI,PC_ENT,NL,2021,33.5,
dataflow,ESTAT:ISOC_E_DII(1.0),A,10-249,C10-S951_X_K,E_DI3_HI,PC_ENT,NL,2023,36.3,
dataflow,ESTAT:ISOC_E_DII(1.0),A,10-249,C10-S951_X_K,E_DI3_HI,PC_ENT,NO,2021,31.0,
dataflow,ESTAT:ISOC_E_DII(1.0),A,10-249,C10-S951_X_K,E_DI3_HI,PC_ENT,NO,2023,33.2,
dataflow,ESTAT:ISOC_E_DII(1.0),A,10-249,C10-S951_X_K,E_DI3_HI,PC_ENT,PL,2021,11.1,
dataflow,ESTAT:ISOC_E_DII(1.0),A,10-249,C10-S951_X_K,E_DI3_HI,PC_ENT,PL,2023,16.1,
dataflow,ESTAT:ISOC_E_DII(1.0),A,10-249,C10-S951_X_K,E_DI3_HI,PC_ENT,PT,2021,15.4,
dataflow,ESTAT:ISOC_E_DII(1.0),A,10-249,C10-S951_X_K,E_DI3_HI,PC_ENT,PT,2023,16.6,
dataflow,ESTAT:ISOC_E_DII(1.0),A,10-249,C10-S951_X_K,E_DI3_HI,PC_ENT,RO,2021,5.0,
dataflow,ESTAT:ISOC_E_DII(1.0),A,10-249,C10-S951_X_K,E_DI3_HI,PC_ENT,RO,2023,7.4,
dataflow,ESTAT:ISOC_E_DII(1.0),A,10-249,C10-S951_X_K,E_DI3_HI,PC_ENT,RS,2021,10.2,
dataflow,ESTAT:ISOC_E_DII(1.0),A,10-249,C10-S951_X_K,E_DI3_HI,PC_ENT,RS,2023,12.5,
dataflow,ESTAT:ISOC_E_DII(1.0),A,10-249,C10-S951_X_K,E_DI3_HI,PC_ENT,SE,2021,37.8,
dataflow,ESTAT:ISOC_E_DII(1.0),A,10-249,C10-S951_X_K,E_DI3_HI,PC_ENT,SE,2023,32.9,b
dataflow,ESTAT:ISOC_E_DII(1.0),A,10-249,C10-S951_X_K,E_DI3_HI,PC_ENT,SI,2021,19.4,
dataflow,ESTAT:ISOC_E_DII(1.0),A,10-249,C10-S951_X_K,E_DI3_HI,PC_ENT,SI,2023,17.3,
dataflow,ESTAT:ISOC_E_DII(1.0),A,10-249,C10-S951_X_K,E_DI3_HI,PC_ENT,SK,2021,13.3,
dataflow,ESTAT:ISOC_E_DII(1.0),A,10-249,C10-S951_X_K,E_DI3_HI,PC_ENT,SK,2023,13.1,
dataflow,ESTAT:ISOC_E_DII(1.0),A,10-249,C10-S951_X_K,E_DI3_LO,PC_ENT,AT,2021,37.3,
dataflow,ESTAT:ISOC_E_DII(1.0),A,10-249,C10-S951_X_K,E_DI3_LO,PC_ENT,AT,2023,33.5,
dataflow,ESTAT:ISOC_E_DII(1.0),A,10-249,C10-S951_X_K,E_DI3_LO,PC_ENT,BA,2021,25.1,
dataflow,ESTAT:ISOC_E_DII(1.0),A,10-249,C10-S951_X_K,E_DI3_LO,PC_ENT,BA,2023,30.7,
dataflow,ESTAT:ISOC_E_DII(1.0),A,10-249,C10-S951_X_K,E_DI3_LO,PC_ENT,BE,2021,38.6,
dataflow,ESTAT:ISOC_E_DII(1.0),A,10-249,C10-S951_X_K,E_DI3_LO,PC_ENT,BE,2023,33.6,
dataflow,ESTAT:ISOC_E_DII(1.0),A,10-249,C10-S951_X_K,E_DI3_LO,PC_ENT,BG,2021,17.2,
dataflow,ESTAT:ISOC_E_DII(1.0),A,10-249,C10-S951_X_K,E_DI3_LO,PC_ENT,BG,2023,19.3,
dataflow,ESTAT:ISOC_E_DII(1.0),A,10-249,C10-S951_X_K,E_DI3_LO,PC_ENT,CY,2021,41.4,
dataflow,ESTAT:ISOC_E_DII(1.0),A,10-249,C10-S951_X_K,E_DI3_LO,PC_ENT,CY,2023,37.6,
dataflow,ESTAT:ISOC_E_DII(1.0),A,10-249,C10-S951_X_K,E_DI3_LO,PC_ENT,CZ,2021,33.5,
dataflow,ESTAT:ISOC_E_DII(1.0),A,10-249,C10-S951_X_K,E_DI3_LO,PC_ENT,CZ,2023,30.0,
dataflow,ESTAT:ISOC_E_DII(1.0),A,10-249,C10-S951_X_K,E_DI3_LO,PC_ENT,DE,2021,35.0,
dataflow,ESTAT:ISOC_E_DII(1.0),A,10-249,C10-S951_X_K,E_DI3_LO,PC_ENT,DE,2023,35.6,
dataflow,ESTAT:ISOC_E_DII(1.0),A,10-249,C10-S951_X_K,E_DI3_LO,PC_ENT,DK,2021,37.4,
dataflow,ESTAT:ISOC_E_DII(1.0),A,10-249,C10-S951_X_K,E_DI3_LO,PC_ENT,DK,2023,38.4,
dataflow,ESTAT:ISOC_E_DII(1.0),A,10-249,C10-S951_X_K,E_DI3_LO,PC_ENT,EA,2021,35.7,
dataflow,ESTAT:ISOC_E_DII(1.0),A,10-249,C10-S951_X_K,E_DI3_LO,PC_ENT,EA,2023,34.9,
dataflow,ESTAT:ISOC_E_DII(1.0),A,10-249,C10-S951_X_K,E_DI3_LO,PC_ENT,EE,2021,36.1,
dataflow,ESTAT:ISOC_E_DII(1.0),A,10-249,C10-S951_X_K,E_DI3_LO,PC_ENT,EE,2023,34.5,
dataflow,ESTAT:ISOC_E_DII(1.0),A,10-249,C10-S951_X_K,E_DI3_LO,PC_ENT,EL,2021,21.5,
dataflow,ESTAT:ISOC_E_DII(1.0),A,10-249,C10-S951_X_K,E_DI3_LO,PC_ENT,EL,2023,27.7,
dataflow,ESTAT:ISOC_E_DII(1.0),A,10-249,C10-S951_X_K,E_DI3_LO,PC_ENT,ES,2021,35.2,
dataflow,ESTAT:ISOC_E_DII(1.0),A,10-249,C10-S951_X_K,E_DI3_LO,PC_ENT,ES,2023,33.6,
dataflow,ESTAT:ISOC_E_DII(1.0),A,10-249,C10-S951_X_K,E_DI3_LO,PC_ENT,EU27_2020,2021,33.9,
dataflow,ESTAT:ISOC_E_DII(1.0),A,10-249,C10-S951_X_K,E_DI3_LO,PC_ENT,EU27_2020,2023,33.8,
dataflow,ESTAT:ISOC_E_DII(1.0),A,10-249,C10-S951_X_K,E_DI3_LO,PC_ENT,FI,2021,36.4,
dataflow,ESTAT:ISOC_E_DII(1.0),A,10-249,C10-S951_X_K,E_DI3_LO,PC_ENT,FI,2023,35.2,
dataflow,ESTAT:ISOC_E_DII(1.0),A,10-249,C10-S951_X_K,E_DI3_LO,PC_ENT,FR,2021,34.3,
dataflow,ESTAT:ISOC_E_DII(1.0),A,10-249,C10-S951_X_K,E_DI3_LO,PC_ENT,FR,2023,34.3,b
dataflow,ESTAT:ISOC_E_DII(1.0),A,10-249,C10-S951_X_K,E_DI3_LO,PC_ENT,HR,2021,30.2,
dataflow,ESTAT:ISOC_E_DII(1.0),A,10-249,C10-S951_X_K,E_DI3_LO,PC_ENT,HR,2023,31.9,
dataflow,ESTAT:ISOC_E_DII(1.0),A,10-249,C10-S951_X_K,E_DI3_LO,PC_ENT,HU,2021,23.7,
dataflow,ESTAT:ISOC_E_DII(1.0),A,10-249,C10-S951_X_K,E_DI3_LO,PC_ENT,HU,2023,32.3,
dataflow,ESTAT:ISOC_E_DII(1.0),A,10-249,C10-S951_X_K,E_DI3_LO,PC_ENT,IE,2021,36.9,
dataflow,ESTAT:ISOC_E_DII(1.0),A,10-249,C10-S951_X_K,E_DI3_LO,PC_ENT,IE,2023,35.6,
dataflow,ESTAT:ISOC_E_DII(1.0),A,10-249,C10-S951_X_K,E_DI3_LO,PC_ENT,IT,2021,41.0,
dataflow,ESTAT:ISOC_E_DII(1.0),A,10-249,C10-S951_X_K,E_DI3_LO,PC_ENT,IT,2023,39.3,
dataflow,ESTAT:ISOC_E_DII(1.0),A,10-249,C10-S951_X_K,E_DI3_LO,PC_ENT,LT,2021,36.5,
dataflow,ESTAT:ISOC_E_DII(1.0),A,10-249,C10-S951_X_K,E_DI3_LO,PC_ENT,LT,2023,38.5,
dataflow,ESTAT:ISOC_E_DII(1.0),A,10-249,C10-S951_X_K,E_DI3_LO,PC_ENT,LU,2021,33.6,
dataflow,ESTAT:ISOC_E_DII(1.0),A,10-249,C10-S951_X_K,E_DI3_LO,PC_ENT,LU,2023,34.5,
dataflow,ESTAT:ISOC_E_DII(1.0),A,10-249,C10-S951_X_K,E_DI3_LO,PC_ENT,LV,2021,25.4,
dataflow,ESTAT:ISOC_E_DII(1.0),A,10-249,C10-S951_X_K,E_DI3_LO,PC_ENT,LV,2023,28.1,
dataflow,ESTAT:ISOC_E_DII(1.0),A,10-249,C10-S951_X_K,E_DI3_LO,PC_ENT,ME,2021,27.2,
dataflow,ESTAT:ISOC_E_DII(1.0),A,10-249,C10-S951_X_K,E_DI3_LO,PC_ENT,ME,2023,38.1,
dataflow,ESTAT:ISOC_E_DII(1.0),A,10-249,C10-S951_X_K,E_DI3_LO,PC_ENT,MK,2021,19.5,
dataflow,ESTAT:ISOC_E_DII(1.0),A,10-249,C10-S951_X_K,E_DI3_LO,PC_ENT,MT,2021,33.8,
dataflow,ESTAT:ISOC_E_DII(1.0),A,10-249,C10-S951_X_K,E_DI3_LO,PC_ENT,MT,2023,32.2,
dataflow,ESTAT:ISOC_E_DII(1.0),A,10-249,C10-S951_X_K,E_DI3_LO,PC_ENT,NL,2021,40.1,
dataflow,ESTAT:ISOC_E_DII(1.0),A,10-249,C10-S951_X_K,E_DI3_LO,PC_ENT,NL,2023,32.2,
dataflow,ESTAT:ISOC_E_DII(1.0),A,10-249,C10-S951_X_K,E_DI3_LO,PC_ENT,NO,2021,39.9,
dataflow,ESTAT:ISOC_E_DII(1.0),A,10-249,C10-S951_X_K,E_DI3_LO,PC_ENT,NO,2023,40.6,
dataflow,ESTAT:ISOC_E_DII(1.0),A,10-249,C10-S951_X_K,E_DI3_LO,PC_ENT,PL,2021,26.9,
dataflow,ESTAT:ISOC_E_DII(1.0),A,10-249,C10-S951_X_K,E_DI3_LO,PC_ENT,PL,2023,30.7,
dataflow,ESTAT:ISOC_E_DII(1.0),A,10-249,C10-S951_X_K,E_DI3_LO,PC_ENT,PT,2021,30.5,
dataflow,ESTAT:ISOC_E_DII(1.0),A,10-249,C10-S951_X_K,E_DI3_LO,PC_ENT,PT,2023,33.1,
dataflow,ESTAT:ISOC_E_DII(1.0),A,10-249,C10-S951_X_K,E_DI3_LO,PC_ENT,RO,2021,16.7,
dataflow,ESTAT:ISOC_E_DII(1.0),A,10-249,C10-S951_X_K,E_DI3_LO,PC_ENT,RO,2023,18.2,
dataflow,ESTAT:ISOC_E_DII(1.0),A,10-249,C10-S951_X_K,E_DI3_LO,PC_ENT,RS,2021,31.0,
dataflow,ESTAT:ISOC_E_DII(1.0),A,10-249,C10-S951_X_K,E_DI3_LO,PC_ENT,RS,2023,33.9,
dataflow,ESTAT:ISOC_E_DII(1.0),A,10-249,C10-S951_X_K,E_DI3_LO,PC_ENT,SE,2021,39.7,
dataflow,ESTAT:ISOC_E_DII(1.0),A,10-249,C10-S951_X_K,E_DI3_LO,PC_ENT,SE,2023,40.3,b
dataflow,ESTAT:ISOC_E_DII(1.0),A,10-249,C10-S951_X_K,E_DI3_LO,PC_ENT,SI,2021,31.6,
dataflow,ESTAT:ISOC_E_DII(1.0),A,10-249,C10-S951_X_K,E_DI3_LO,PC_ENT,SI,2023,29.2,
dataflow,ESTAT:ISOC_E_DII(1.0),A,10-249,C10-S951_X_K,E_DI3_LO,PC_ENT,SK,2021,27.4,
dataflow,ESTAT:ISOC_E_DII(1.0),A,10-249,C10-S951_X_K,E_DI3_LO,PC_ENT,SK,2023,26.4,
dataflow,ESTAT:ISOC_E_DII(1.0),A,10-249,C10-S951_X_K,E_DI3_VHI,PC_ENT,AT,2021,5.4,
dataflow,ESTAT:ISOC_E_DII(1.0),A,10-249,C10-S951_X_K,E_DI3_VHI,PC_ENT,AT,2023,4.9,
dataflow,ESTAT:ISOC_E_DII(1.0),A,10-249,C10-S951_X_K,E_DI3_VHI,PC_ENT,BA,2021,1.3,
dataflow,ESTAT:ISOC_E_DII(1.0),A,10-249,C10-S951_X_K,E_DI3_VHI,PC_ENT,BA,2023,,u
dataflow,ESTAT:ISOC_E_DII(1.0),A,10-249,C10-S951_X_K,E_DI3_VHI,PC_ENT,BE,2021,1.7,
dataflow,ESTAT:ISOC_E_DII(1.0),A,10-249,C10-S951_X_K,E_DI3_VHI,PC_ENT,BE,2023,8.3,
dataflow,ESTAT:ISOC_E_DII(1.0),A,10-249,C10-S951_X_K,E_DI3_VHI,PC_ENT,BG,2021,0.7,
dataflow,ESTAT:ISOC_E_DII(1.0),A,10-249,C10-S951_X_K,E_DI3_VHI,PC_ENT,BG,2023,1.5,
dataflow,ESTAT:ISOC_E_DII(1.0),A,10-249,C10-S951_X_K,E_DI3_VHI,PC_ENT,CY,2021,2.7,
dataflow,ESTAT:ISOC_E_DII(1.0),A,10-249,C10-S951_X_K,E_DI3_VHI,PC_ENT,CY,2023,4.5,
dataflow,ESTAT:ISOC_E_DII(1.0),A,10-249,C10-S951_X_K,E_DI3_VHI,PC_ENT,CZ,2021,3.0,
dataflow,ESTAT:ISOC_E_DII(1.0),A,10-249,C10-S951_X_K,E_DI3_VHI,PC_ENT,CZ,2023,4.1,
dataflow,ESTAT:ISOC_E_DII(1.0),A,10-249,C10-S951_X_K,E_DI3_VHI,PC_ENT,DE,2021,3.7,
dataflow,ESTAT:ISOC_E_DII(1.0),A,10-249,C10-S951_X_K,E_DI3_VHI,PC_ENT,DE,2023,4.8,
dataflow,ESTAT:ISOC_E_DII(1.0),A,10-249,C10-S951_X_K,E_DI3_VHI,PC_ENT,DK,2021,8.9,
dataflow,ESTAT:ISOC_E_DII(1.0),A,10-249,C10-S951_X_K,E_DI3_VHI,PC_ENT,DK,2023,5.9,
dataflow,ESTAT:ISOC_E_DII(1.0),A,10-249,C10-S951_X_K,E_DI3_VHI,PC_ENT,EA,2021,2.7,
dataflow,ESTAT:ISOC_E_DII(1.0),A,10-249,C10-S951_X_K,E_DI3_VHI,PC_ENT,EA,2023,4.6,
dataflow,ESTAT:ISOC_E_DII(1.0),A,10-249,C10-S951_X_K,E_DI3_VHI,PC_ENT,EE,2021,1.9,
dataflow,ESTAT:ISOC_E_DII(1.0),A,10-249,C10-S951_X_K,E_DI3_VHI,PC_ENT,EE,2023,3.8,
dataflow,ESTAT:ISOC_E_DII(1.0),A,10-249,C10-S951_X_K,E_DI3_VHI,PC_ENT,EL,2021,1.3,
dataflow,ESTAT:ISOC_E_DII(1.0),A,10-249,C10-S951_X_K,E_DI3_VHI,PC_ENT,EL,2023,2.7,
dataflow,ESTAT:ISOC_E_DII(1.0),A,10-249,C10-S951_X_K,E_DI3_VHI,PC_ENT,ES,2021,3.1,
dataflow,ESTAT:ISOC_E_DII(1.0),A,10-249,C10-S951_X_K,E_DI3_VHI,PC_ENT,ES,2023,5.9,
dataflow,ESTAT:ISOC_E_DII(1.0),A,10-249,C10-S951_X_K,E_DI3_VHI,PC_ENT,EU27_2020,2021,2.8,
dataflow,ESTAT:ISOC_E_DII(1.0),A,10-249,C10-S951_X_K,E_DI3_VHI,PC_ENT,EU27_2020,2023,4.4,
dataflow,ESTAT:ISOC_E_DII(1.0),A,10-249,C10-S951_X_K,E_DI3_VHI,PC_ENT,FI,2021,9.2,
dataflow,ESTAT:ISOC_E_DII(1.0),A,10-249,C10-S951_X_K,E_DI3_VHI,PC_ENT,FI,2023,11.6,
dataflow,ESTAT:ISOC_E_DII(1.0),A,10-249,C10-S951_X_K,E_DI3_VHI,PC_ENT,FR,2021,0.6,
dataflow,ESTAT:ISOC_E_DII(1.0),A,10-249,C10-S951_X_K,E_DI3_VHI,PC_ENT,FR,2023,2.7,b
dataflow,ESTAT:ISOC_E_DII(1.0),A,10-249,C10-S951_X_K,E_DI3_VHI,PC_ENT,HR,2021,3.4,
dataflow,ESTAT:ISOC_E_DII(1.0),A,10-249,C10-S951_X_K,E_DI3_VHI,PC_ENT,HR,2023,4.6,
dataflow,ESTAT:ISOC_E_DII(1.0),A,10-249,C10-S951_X_K,E_DI3_VHI,PC_ENT,HU,2021,1.3,
dataflow,ESTAT:ISOC_E_DII(1.0),A,10-249,C10-S951_X_K,E_DI3_VHI,PC_ENT,HU,2023,3.6,
dataflow,ESTAT:ISOC_E_DII(1.0),A,10-249,C10-S951_X_K,E_DI3_VHI,PC_ENT,IE,2021,4.3,
dataflow,ESTAT:ISOC_E_DII(1.0),A,10-249,C10-S951_X_K,E_DI3_VHI,PC_ENT,IE,2023,6.3,
dataflow,ESTAT:ISOC_E_DII(1.0),A,10-249,C10-S951_X_K,E_DI3_VHI,PC_ENT,IT,2021,2.0,
dataflow,ESTAT:ISOC_E_DII(1.0),A,10-249,C10-S951_X_K,E_DI3_VHI,PC_ENT,IT,2023,2.8,
dataflow,ESTAT:ISOC_E_DII(1.0),A,10-249,C10-S951_X_K,E_DI3_VHI,PC_ENT,LT,2021,3.4,
dataflow,ESTAT:ISOC_E_DII(1.0),A,10-249,C10-S951_X_K,E_DI3_VHI,PC_ENT,LT,2023,3.7,
dataflow,ESTAT:ISOC_E_DII(1.0),A,10-249,C10-S951_X_K,E_DI3_VHI,PC_ENT,LU,2021,1.8,
dataflow,ESTAT:ISOC_E_DII(1.0),A,10-249,C10-S951_X_K,E_DI3_VHI,PC_ENT,LU,2023,3.4,
dataflow,ESTAT:ISOC_E_DII(1.0),A,10-249,C10-S951_X_K,E_DI3_VHI,PC_ENT,LV,2021,1.7,
dataflow,ESTAT:ISOC_E_DII(1.0),A,10-249,C10-S951_X_K,E_DI3_VHI,PC_ENT,LV,2023,4.1,
dataflow,ESTAT:ISOC_E_DII(1.0),A,10-249,C10-S951_X_K,E_DI3_VHI,PC_ENT,ME,2021,5.1,
dataflow,ESTAT:ISOC_E_DII(1.0),A,10-249,C10-S951_X_K,E_DI3_VHI,PC_ENT,ME,2023,4.4,
dataflow,ESTAT:ISOC_E_DII(1.0),A,10-249,C10-S951_X_K,E_DI3_VHI,PC_ENT,MK,2021,0.3,
dataflow,ESTAT:ISOC_E_DII(1.0),A,10-249,C10-S951_X_K,E_DI3_VHI,PC_ENT,MT,2021,9.4,
dataflow,ESTAT:ISOC_E_DII(1.0),A,10-249,C10-S951_X_K,E_DI3_VHI,PC_ENT,MT,2023,10.7,
dataflow,ESTAT:ISOC_E_DII(1.0),A,10-249,C10-S951_X_K,E_DI3_VHI,PC_ENT,NL,2021,1.8,
dataflow,ESTAT:ISOC_E_DII(1.0),A,10-249,C10-S951_X_K,E_DI3_VHI,PC_ENT,NL,2023,10.1,
dataflow,ESTAT:ISOC_E_DII(1.0),A,10-249,C10-S951_X_K,E_DI3_VHI,PC_ENT,NO,2021,6.3,
dataflow,ESTAT:ISOC_E_DII(1.0),A,10-249,C10-S951_X_K,E_DI3_VHI,PC_ENT,NO,2023,6.6,
dataflow,ESTAT:ISOC_E_DII(1.0),A,10-249,C10-S951_X_K,E_DI3_VHI,PC_ENT,PL,2021,1.9,
dataflow,ESTAT:ISOC_E_DII(1.0),A,10-249,C10-S951_X_K,E_DI3_VHI,PC_ENT,PL,2023,3.3,
dataflow,ESTAT:ISOC_E_DII(1.0),A,10-249,C10-S951_X_K,E_DI3_VHI,PC_ENT,PT,2021,2.7,
dataflow,ESTAT:ISOC_E_DII(1.0),A,10-249,C10-S951_X_K,E_DI3_VHI,PC_ENT,PT,2023,4.0,
dataflow,ESTAT:ISOC_E_DII(1.0),A,10-249,C10-S951_X_K,E_DI3_VHI,PC_ENT,RO,2021,0.5,
dataflow,ESTAT:ISOC_E_DII(1.0),A,10-249,C10-S951_X_K,E_DI3_VHI,PC_ENT,RO,2023,1.2,
dataflow,ESTAT:ISOC_E_DII(1.0),A,10-249,C10-S951_X_K,E_DI3_VHI,PC_ENT,RS,2021,0.7,
dataflow,ESTAT:ISOC_E_DII(1.0),A,10-249,C10-S951_X_K,E_DI3_VHI,PC_ENT,RS,2023,2.8,
dataflow,ESTAT:ISOC_E_DII(1.0),A,10-249,C10-S951_X_K,E_DI3_VHI,PC_ENT,SE,2021,8.5,
dataflow,ESTAT:ISOC_E_DII(1.0),A,10-249,C10-S951_X_K,E_DI3_VHI,PC_ENT,SE,2023,6.8,b
dataflow,ESTAT:ISOC_E_DII(1.0),A,10-249,C10-S951_X_K,E_DI3_VHI,PC_ENT,SI,2021,4.1,
dataflow,ESTAT:ISOC_E_DII(1.0),A,10-249,C10-S951_X_K,E_DI3_VHI,PC_ENT,SI,2023,3.8,
dataflow,ESTAT:ISOC_E_DII(1.0),A,10-249,C10-S951_X_K,E_DI3_VHI,PC_ENT,SK,2021,2.3,
dataflow,ESTAT:ISOC_E_DII(1.0),A,10-249,C10-S951_X_K,E_DI3_VHI,PC_ENT,SK,2023,2.7,
dataflow,ESTAT:ISOC_E_DII(1.0),A,10-249,C10-S951_X_K,E_DI3_VLO,PC_ENT,AT,2021,35.6,
dataflow,ESTAT:ISOC_E_DII(1.0),A,10-249,C10-S951_X_K,E_DI3_VLO,PC_ENT,AT,2023,42.1,
dataflow,ESTAT:ISOC_E_DII(1.0),A,10-249,C10-S951_X_K,E_DI3_VLO,PC_ENT,BA,2021,67.5,
dataflow,ESTAT:ISOC_E_DII(1.0),A,10-249,C10-S951_X_K,E_DI3_VLO,PC_ENT,BA,2023,56.8,
dataflow,ESTAT:ISOC_E_DII(1.0),A,10-249,C10-S951_X_K,E_DI3_VLO,PC_ENT,BE,2021,34.7,
dataflow,ESTAT:ISOC_E_DII(1.0),A,10-249,C10-S951_X_K,E_DI3_VLO,PC_ENT,BE,2023,25.5,
dataflow,ESTAT:ISOC_E_DII(1.0),A,10-249,C10-S951_X_K,E_DI3_VLO,PC_ENT,BG,2021,74.8,
dataflow,ESTAT:ISOC_E_DII(1.0),A,10-249,C10-S951_X_K,E_DI3_VLO,PC_ENT,BG,2023,71.6,
dataflow,ESTAT:ISOC_E_DII(1.0),A,10-249,C10-S951_X_K,E_DI3_VLO,PC_ENT,CY,2021,33.8,
dataflow,ESTAT:ISOC_E_DII(1.0),A,10-249,C10-S951_X_K,E_DI3_VLO,PC_ENT,CY,2023,32.7,
dataflow,ESTAT:ISOC_E_DII(1.0),A,10-249,C10-S951_X_K,E_DI3_VLO,PC_ENT,CZ,2021,47.5,
dataflow,ESTAT:ISOC_E_DII(1.0),A,10-249,C10-S951_X_K,E_DI3_VLO,PC_ENT,CZ,2023,50.7,
dataflow,ESTAT:ISOC_E_DII(1.0),A,10-249,C10-S951_X_K,E_DI3_VLO,PC_ENT,DE,2021,41.1,
dataflow,ESTAT:ISOC_E_DII(1.0),A,10-249,C10-S951_X_K,E_DI3_VLO,PC_ENT,DE,2023,38.6,
dataflow,ESTAT:ISOC_E_DII(1.0),A,10-249,C10-S951_X_K,E_DI3_VLO,PC_ENT,DK,2021,20.6,
dataflow,ESTAT:ISOC_E_DII(1.0),A,10-249,C10-S951_X_K,E_DI3_VLO,PC_ENT,DK,2023,24.7,
dataflow,ESTAT:ISOC_E_DII(1.0),A,10-249,C10-S951_X_K,E_DI3_VLO,PC_ENT,EA,2021,42.5,
dataflow,ESTAT:ISOC_E_DII(1.0),A,10-249,C10-S951_X_K,E_DI3_VLO,PC_ENT,EA,2023,40.2,
dataflow,ESTAT:ISOC_E_DII(1.0),A,10-249,C10-S951_X_K,E_DI3_VLO,PC_ENT,EE,2021,46.0,
dataflow,ESTAT:ISOC_E_DII(1.0),A,10-249,C10-S951_X_K,E_DI3_VLO,PC_ENT,EE,2023,44.1,
dataflow,ESTAT:ISOC_E_DII(1.0),A,10-249,C10-S951_X_K,E_DI3_VLO,PC_ENT,EL,2021,62.3,
dataflow,ESTAT:ISOC_E_DII(1.0),A,10-249,C10-S951_X_K,E_DI3_VLO,PC_ENT,EL,2023,56.7,
dataflow,ESTAT:ISOC_E_DII(1.0),A,10-249,C10-S951_X_K,E_DI3_VLO,PC_ENT,ES,2021,40.3,
dataflow,ESTAT:ISOC_E_DII(1.0),A,10-249,C10-S951_X_K,E_DI3_VLO,PC_ENT,ES,2023,39.5,
dataflow,ESTAT:ISOC_E_DII(1.0),A,10-249,C10-S951_X_K,E_DI3_VLO,PC_ENT,EU27_2020,2021,45.2,
dataflow,ESTAT:ISOC_E_DII(1.0),A,10-249,C10-S951_X_K,E_DI3_VLO,PC_ENT,EU27_2020,2023,42.3,
dataflow,ESTAT:ISOC_E_DII(1.0),A,10-249,C10-S951_X_K,E_DI3_VLO,PC_ENT,FI,2021,18.4,
dataflow,ESTAT:ISOC_E_DII(1.0),A,10-249,C10-S951_X_K,E_DI3_VLO,PC_ENT,FI,2023,14.4,
dataflow,ESTAT:ISOC_E_DII(1.0),A,10-249,C10-S951_X_K,E_DI3_VLO,PC_ENT,FR,2021,53.0,
dataflow,ESTAT:ISOC_E_DII(1.0),A,10-249,C10-S951_X_K,E_DI3_VLO,PC_ENT,FR,2023,48.0,b
dataflow,ESTAT:ISOC_E_DII(1.0),A,10-249,C10-S951_X_K,E_DI3_VLO,PC_ENT,HR,2021,50.3,
dataflow,ESTAT:ISOC_E_DII(1.0),A,10-249,C10-S951_X_K,E_DI3_VLO,PC_ENT,HR,2023,44.0,
dataflow,ESTAT:ISOC_E_DII(1.0),A,10-249,C10-S951_X_K,E_DI3_VLO,PC_ENT,HU,2021,65.5,
dataflow,ESTAT:ISOC_E_DII(1.0),A,10-249,C10-S951_X_K,E_DI3_VLO,PC_ENT,HU,2023,46.8,
dataflow,ESTAT:ISOC_E_DII(1.0),A,10-249,C10-S951_X_K,E_DI3_VLO,PC_ENT,IE,2021,35.8,
dataflow,ESTAT:ISOC_E_DII(1.0),A,10-249,C10-S951_X_K,E_DI3_VLO,PC_ENT,IE,2023,33.9,
dataflow,ESTAT:ISOC_E_DII(1.0),A,10-249,C10-S951_X_K,E_DI3_VLO,PC_ENT,IT,2021,39.7,
dataflow,ESTAT:ISOC_E_DII(1.0),A,10-249,C10-S951_X_K,E_DI3_VLO,PC_ENT,IT,2023,39.3,
dataflow,ESTAT:ISOC_E_DII(1.0),A,10-249,C10-S951_X_K,E_DI3_VLO,PC_ENT,LT,2021,43.3,
dataflow,ESTAT:ISOC_E_DII(1.0),A,10-249,C10-S951_X_K,E_DI3_VLO,PC_ENT,LT,2023,40.0,
dataflow,ESTAT:ISOC_E_DII(1.0),A,10-249,C10-S951_X_K,E_DI3_VLO,PC_ENT,LU,2021,46.1,
dataflow,ESTAT:ISOC_E_DII(1.0),A,10-249,C10-S951_X_K,E_DI3_VLO,PC_ENT,LU,2023,42.2,
dataflow,ESTAT:ISOC_E_DII(1.0),A,10-249,C10-S951_X_K,E_DI3_VLO,PC_ENT,LV,2021,61.9,
dataflow,ESTAT:ISOC_E_DII(1.0),A,10-249,C10-S951_X_K,E_DI3_VLO,PC_ENT,LV,2023,51.8,
dataflow,ESTAT:ISOC_E_DII(1.0),A,10-249,C10-S951_X_K,E_DI3_VLO,PC_ENT,ME,2021,51.8,
dataflow,ESTAT:ISOC_E_DII(1.0),A,10-249,C10-S951_X_K,E_DI3_VLO,PC_ENT,ME,2023,36.1,
dataflow,ESTAT:ISOC_E_DII(1.0),A,10-249,C10-S951_X_K,E_DI3_VLO,PC_ENT,MK,2021,73.1,
dataflow,ESTAT:ISOC_E_DII(1.0),A,10-249,C10-S951_X_K,E_DI3_VLO,PC_ENT,MT,2021,27.2,
dataflow,ESTAT:ISOC_E_DII(1.0),A,10-249,C10-S951_X_K,E_DI3_VLO,PC_ENT,MT,2023,23.5,
dataflow,ESTAT:ISOC_E_DII(1.0),A,10-249,C10-S951_X_K,E_DI3_VLO,PC_ENT,NL,2021,24.7,
dataflow,ESTAT:ISOC_E_DII(1.0),A,10-249,C10-S951_X_K,E_DI3_VLO,PC_ENT,NL,2023,21.4,
dataflow,ESTAT:ISOC_E_DII(1.0),A,10-249,C10-S951_X_K,E_DI3_VLO,PC_ENT,NO,2021,22.8,
dataflow,ESTAT:ISOC_E_DII(1.0),A,10-249,C10-S951_X_K,E_DI3_VLO,PC_ENT,NO,2023,19.6,
dataflow,ESTAT:ISOC_E_DII(1.0),A,10-249,C10-S951_X_K,E_DI3_VLO,PC_ENT,PL,2021,60.2,
dataflow,ESTAT:ISOC_E_DII(1.0),A,10-249,C10-S951_X_K,E_DI3_VLO,PC_ENT,PL,2023,50.0,
dataflow,ESTAT:ISOC_E_DII(1.0),A,10-249,C10-S951_X_K,E_DI3_VLO,PC_ENT,PT,2021,51.4,
dataflow,ESTAT:ISOC_E_DII(1.0),A,10-249,C10-S951_X_K,E_DI3_VLO,PC_ENT,PT,2023,46.4,
dataflow,ESTAT:ISOC_E_DII(1.0),A,10-249,C10-S951_X_K,E_DI3_VLO,PC_ENT,RO,2021,77.8,
dataflow,ESTAT:ISOC_E_DII(1.0),A,10-249,C10-S951_X_K,E_DI3_VLO,PC_ENT,RO,2023,73.2,
dataflow,ESTAT:ISOC_E_DII(1.0),A,10-249,C10-S951_X_K,E_DI3_VLO,PC_ENT,RS,2021,58.1,
dataflow,ESTAT:ISOC_E_DII(1.0),A,10-249,C10-S951_X_K,E_DI3_VLO,PC_ENT,RS,2023,50.8,
dataflow,ESTAT:ISOC_E_DII(1.0),A,10-249,C10-S951_X_K,E_DI3_VLO,PC_ENT,SE,2021,13.9,
dataflow,ESTAT:ISOC_E_DII(1.0),A,10-249,C10-S951_X_K,E_DI3_VLO,PC_ENT,SE,2023,20.1,b
dataflow,ESTAT:ISOC_E_DII(1.0),A,10-249,C10-S951_X_K,E_DI3_VLO,PC_ENT,SI,2021,44.8,
dataflow,ESTAT:ISOC_E_DII(1.0),A,10-249,C10-S951_X_K,E_DI3_VLO,PC_ENT,SI,2023,49.6,
dataflow,ESTAT:ISOC_E_DII(1.0),A,10-249,C10-S951_X_K,E_DI3_VLO,PC_ENT,SK,2021,57.0,
dataflow,ESTAT:ISOC_E_DII(1.0),A,10-249,C10-S951_X_K,E_DI3_VLO,PC_ENT,SK,2023,57.8,
dataflow,ESTAT:ISOC_E_DII(1.0),A,GE250,C10-S951_X_K,E_DI3_GELO,PC_ENT,AT,2023,95.3,
dataflow,ESTAT:ISOC_E_DII(1.0),A,GE250,C10-S951_X_K,E_DI3_GELO,PC_ENT,BA,2023,75.9,
dataflow,ESTAT:ISOC_E_DII(1.0),A,GE250,C10-S951_X_K,E_DI3_GELO,PC_ENT,BE,2023,97.0,
dataflow,ESTAT:ISOC_E_DII(1.0),A,GE250,C10-S951_X_K,E_DI3_GELO,PC_ENT,BG,2023,66.3,
dataflow,ESTAT:ISOC_E_DII(1.0),A,GE250,C10-S951_X_K,E_DI3_GELO,PC_ENT,CY,2023,96.4,
dataflow,ESTAT:ISOC_E_DII(1.0),A,GE250,C10-S951_X_K,E_DI3_GELO,PC_ENT,CZ,2023,91.2,
dataflow,ESTAT:ISOC_E_DII(1.0),A,GE250,C10-S951_X_K,E_DI3_GELO,PC_ENT,DE,2023,92.9,
dataflow,ESTAT:ISOC_E_DII(1.0),A,GE250,C10-S951_X_K,E_DI3_GELO,PC_ENT,DK,2023,96.7,
dataflow,ESTAT:ISOC_E_DII(1.0),A,GE250,C10-S951_X_K,E_DI3_GELO,PC_ENT,EA,2023,92.2,
dataflow,ESTAT:ISOC_E_DII(1.0),A,GE250,C10-S951_X_K,E_DI3_GELO,PC_ENT,EE,2023,94.5,
dataflow,ESTAT:ISOC_E_DII(1.0),A,GE250,C10-S951_X_K,E_DI3_GELO,PC_ENT,EL,2023,76.4,
dataflow,ESTAT:ISOC_E_DII(1.0),A,GE250,C10-S951_X_K,E_DI3_GELO,PC_ENT,ES,2023,92.9,
dataflow,ESTAT:ISOC_E_DII(1.0),A,GE250,C10-S951_X_K,E_DI3_GELO,PC_ENT,EU27_2020,2023,91.0,
dataflow,ESTAT:ISOC_E_DII(1.0),A,GE250,C10-S951_X_K,E_DI3_GELO,PC_ENT,FI,2023,99.8,
dataflow,ESTAT:ISOC_E_DII(1.0),A,GE250,C10-S951_X_K,E_DI3_GELO,PC_ENT,FR,2023,90.2,b
dataflow,ESTAT:ISOC_E_DII(1.0),A,GE250,C10-S951_X_K,E_DI3_GELO,PC_ENT,HR,2023,90.6,
dataflow,ESTAT:ISOC_E_DII(1.0),A,GE250,C10-S951_X_K,E_DI3_GELO,PC_ENT,HU,2023,93.5,
dataflow,ESTAT:ISOC_E_DII(1.0),A,GE250,C10-S951_X_K,E_DI3_GELO,PC_ENT,IE,2023,93.8,
dataflow,ESTAT:ISOC_E_DII(1.0),A,GE250,C10-S951_X_K,E_DI3_GELO,PC_ENT,IT,2023,91.1,
dataflow,ESTAT:ISOC_E_DII(1.0),A,GE250,C10-S951_X_K,E_DI3_GELO,PC_ENT,LT,2023,93.6,
dataflow,ESTAT:ISOC_E_DII(1.0),A,GE250,C10-S951_X_K,E_DI3_GELO,PC_ENT,LU,2023,93.9,
dataflow,ESTAT:ISOC_E_DII(1.0),A,GE250,C10-S951_X_K,E_DI3_GELO,PC_ENT,LV,2023,93.7,
dataflow,ESTAT:ISOC_E_DII(1.0),A,GE250,C10-S951_X_K,E_DI3_GELO,PC_ENT,ME,2023,,c
dataflow,ESTAT:ISOC_E_DII(1.0),A,GE250,C10-S951_X_K,E_DI3_GELO,PC_ENT,MT,2023,90.4,
dataflow,ESTAT:ISOC_E_DII(1.0),A,GE250,C10-S951_X_K,E_DI3_GELO,PC_ENT,NL,2023,93.6,
dataflow,ESTAT:ISOC_E_DII(1.0),A,GE250,C10-S951_X_K,E_DI3_GELO,PC_ENT,NO,2023,97.1,
dataflow,ESTAT:ISOC_E_DII(1.0),A,GE250,C10-S951_X_K,E_DI3_GELO,PC_ENT,PL,2023,94.1,
dataflow,ESTAT:ISOC_E_DII(1.0),A,GE250,C10-S951_X_K,E_DI3_GELO,PC_ENT,PT,2023,92.1,
dataflow,ESTAT:ISOC_E_DII(1.0),A,GE250,C10-S951_X_K,E_DI3_GELO,PC_ENT,RO,2023,60.9,
dataflow,ESTAT:ISOC_E_DII(1.0),A,GE250,C10-S951_X_K,E_DI3_GELO,PC_ENT,RS,2023,76.2,
dataflow,ESTAT:ISOC_E_DII(1.0),A,GE250,C10-S951_X_K,E_DI3_GELO,PC_ENT,SE,2023,98.1,b
dataflow,ESTAT:ISOC_E_DII(1.0),A,GE250,C10-S951_X_K,E_DI3_GELO,PC_ENT,SI,2023,96.6,
dataflow,ESTAT:ISOC_E_DII(1.0),A,GE250,C10-S951_X_K,E_DI3_GELO,PC_ENT,SK,2023,84.5,
dataflow,ESTAT:ISOC_E_DII(1.0),A,GE250,C10-S951_X_K,E_DI3_HI,PC_ENT,AT,2021,47.4,
dataflow,ESTAT:ISOC_E_DII(1.0),A,GE250,C10-S951_X_K,E_DI3_HI,PC_ENT,AT,2023,49.0,
dataflow,ESTAT:ISOC_E_DII(1.0),A,GE250,C10-S951_X_K,E_DI3_HI,PC_ENT,BA,2021,24.5,
dataflow,ESTAT:ISOC_E_DII(1.0),A,GE250,C10-S951_X_K,E_DI3_HI,PC_ENT,BA,2023,26.7,
dataflow,ESTAT:ISOC_E_DII(1.0),A,GE250,C10-S951_X_K,E_DI3_HI,PC_ENT,BE,2021,54.1,
dataflow,ESTAT:ISOC_E_DII(1.0),A,GE250,C10-S951_X_K,E_DI3_HI,PC_ENT,BE,2023,41.3,
dataflow,ESTAT:ISOC_E_DII(1.0),A,GE250,C10-S951_X_K,E_DI3_HI,PC_ENT,BG,2021,20.5,
dataflow,ESTAT:ISOC_E_DII(1.0),A,GE250,C10-S951_X_K,E_DI3_HI,PC_ENT,BG,2023,28.3,
dataflow,ESTAT:ISOC_E_DII(1.0),A,GE250,C10-S951_X_K,E_DI3_HI,PC_ENT,CY,2021,60.3,
dataflow,ESTAT:ISOC_E_DII(1.0),A,GE250,C10-S951_X_K,E_DI3_HI,PC_ENT,CY,2023,49.0,
dataflow,ESTAT:ISOC_E_DII(1.0),A,GE250,C10-S951_X_K,E_DI3_HI,PC_ENT,CZ,2021,38.6,
dataflow,ESTAT:ISOC_E_DII(1.0),A,GE250,C10-S951_X_K,E_DI3_HI,PC_ENT,CZ,2023,41.6,
dataflow,ESTAT:ISOC_E_DII(1.0),A,GE250,C10-S951_X_K,E_DI3_HI,PC_ENT,DE,2021,43.2,
dataflow,ESTAT:ISOC_E_DII(1.0),A,GE250,C10-S951_X_K,E_DI3_HI,PC_ENT,DE,2023,42.0,
dataflow,ESTAT:ISOC_E_DII(1.0),A,GE250,C10-S951_X_K,E_DI3_HI,PC_ENT,DK,2021,38.4,
dataflow,ESTAT:ISOC_E_DII(1.0),A,GE250,C10-S951_X_K,E_DI3_HI,PC_ENT,DK,2023,52.3,
dataflow,ESTAT:ISOC_E_DII(1.0),A,GE250,C10-S951_X_K,E_DI3_HI,PC_ENT,EA,2021,45.0,
dataflow,ESTAT:ISOC_E_DII(1.0),A,GE250,C10-S951_X_K,E_DI3_HI,PC_ENT,EA,2023,42.1,
dataflow,ESTAT:ISOC_E_DII(1.0),A,GE250,C10-S951_X_K,E_DI3_HI,PC_ENT,EE,2021,41.1,
dataflow,ESTAT:ISOC_E_DII(1.0),A,GE250,C10-S951_X_K,E_DI3_HI,PC_ENT,EE,2023,42.4,
dataflow,ESTAT:ISOC_E_DII(1.0),A,GE250,C10-S951_X_K,E_DI3_HI,PC_ENT,EL,2021,29.0,
dataflow,ESTAT:ISOC_E_DII(1.0),A,GE250,C10-S951_X_K,E_DI3_HI,PC_ENT,EL,2023,28.9,
dataflow,ESTAT:ISOC_E_DII(1.0),A,GE250,C10-S951_X_K,E_DI3_HI,PC_ENT,ES,2021,44.1,
dataflow,ESTAT:ISOC_E_DII(1.0),A,GE250,C10-S951_X_K,E_DI3_HI,PC_ENT,ES,2023,38.3,
dataflow,ESTAT:ISOC_E_DII(1.0),A,GE250,C10-S951_X_K,E_DI3_HI,PC_ENT,EU27_2020,2021,42.6,
dataflow,ESTAT:ISOC_E_DII(1.0),A,GE250,C10-S951_X_K,E_DI3_HI,PC_ENT,EU27_2020,2023,41.9,
dataflow,ESTAT:ISOC_E_DII(1.0),A,GE250,C10-S951_X_K,E_DI3_HI,PC_ENT,FI,2021,44.3,
dataflow,ESTAT:ISOC_E_DII(1.0),A,GE250,C10-S951_X_K,E_DI3_HI,PC_ENT,FI,2023,39.5,
dataflow,ESTAT:ISOC_E_DII(1.0),A,GE250,C10-S951_X_K,E_DI3_HI,PC_ENT,FR,2021,46.5,
dataflow,ESTAT:ISOC_E_DII(1.0),A,GE250,C10-S951_X_K,E_DI3_HI,PC_ENT,FR,2023,42.0,b
dataflow,ESTAT:ISOC_E_DII(1.0),A,GE250,C10-S951_X_K,E_DI3_HI,PC_ENT,HR,2021,29.6,
dataflow,ESTAT:ISOC_E_DII(1.0),A,GE250,C10-S951_X_K,E_DI3_HI,PC_ENT,HR,2023,42.3,
dataflow,ESTAT:ISOC_E_DII(1.0),A,GE250,C10-S951_X_K,E_DI3_HI,PC_ENT,HU,2021,35.1,
dataflow,ESTAT:ISOC_E_DII(1.0),A,GE250,C10-S951_X_K,E_DI3_HI,PC_ENT,HU,2023,49.9,
dataflow,ESTAT:ISOC_E_DII(1.0),A,GE250,C10-S951_X_K,E_DI3_HI,PC_ENT,IE,2021,49.9,
dataflow,ESTAT:ISOC_E_DII(1.0),A,GE250,C10-S951_X_K,E_DI3_HI,PC_ENT,IE,2023,47.3,
dataflow,ESTAT:ISOC_E_DII(1.0),A,GE250,C10-S951_X_K,E_DI3_HI,PC_ENT,IT,2021,41.7,
dataflow,ESTAT:ISOC_E_DII(1.0),A,GE250,C10-S951_X_K,E_DI3_HI,PC_ENT,IT,2023,44.1,
dataflow,ESTAT:ISOC_E_DII(1.0),A,GE250,C10-S951_X_K,E_DI3_HI,PC_ENT,LT,2021,44.5,
dataflow,ESTAT:ISOC_E_DII(1.0),A,GE250,C10-S951_X_K,E_DI3_HI,PC_ENT,LT,2023,50.9,
dataflow,ESTAT:ISOC_E_DII(1.0),A,GE250,C10-S951_X_K,E_DI3_HI,PC_ENT,LU,2021,44.6,
dataflow,ESTAT:ISOC_E_DII(1.0),A,GE250,C10-S951_X_K,E_DI3_HI,PC_ENT,LU,2023,39.5,
dataflow,ESTAT:ISOC_E_DII(1.0),A,GE250,C10-S951_X_K,E_DI3_HI,PC_ENT,LV,2021,46.5,
dataflow,ESTAT:ISOC_E_DII(1.0),A,GE250,C10-S951_X_K,E_DI3_HI,PC_ENT,LV,2023,42.0,
dataflow,ESTAT:ISOC_E_DII(1.0),A,GE250,C10-S951_X_K,E_DI3_HI,PC_ENT,ME,2021,34.8,
dataflow,ESTAT:ISOC_E_DII(1.0),A,GE250,C10-S951_X_K,E_DI3_HI,PC_ENT,ME,2023,,c
dataflow,ESTAT:ISOC_E_DII(1.0),A,GE250,C10-S951_X_K,E_DI3_HI,PC_ENT,MK,2021,,c
dataflow,ESTAT:ISOC_E_DII(1.0),A,GE250,C10-S951_X_K,E_DI3_HI,PC_ENT,MT,2021,48.8,
dataflow,ESTAT:ISOC_E_DII(1.0),A,GE250,C10-S951_X_K,E_DI3_HI,PC_ENT,MT,2023,42.2,
dataflow,ESTAT:ISOC_E_DII(1.0),A,GE250,C10-S951_X_K,E_DI3_HI,PC_ENT,NL,2021,61.2,
dataflow,ESTAT:ISOC_E_DII(1.0),A,GE250,C10-S951_X_K,E_DI3_HI,PC_ENT,NL,2023,46.8,
dataflow,ESTAT:ISOC_E_DII(1.0),A,GE250,C10-S951_X_K,E_DI3_HI,PC_ENT,NO,2021,46.2,
dataflow,ESTAT:ISOC_E_DII(1.0),A,GE250,C10-S951_X_K,E_DI3_HI,PC_ENT,NO,2023,46.6,
dataflow,ESTAT:ISOC_E_DII(1.0),A,GE250,C10-S951_X_K,E_DI3_HI,PC_ENT,PL,2021,41.2,
dataflow,ESTAT:ISOC_E_DII(1.0),A,GE250,C10-S951_X_K,E_DI3_HI,PC_ENT,PL,2023,48.0,
dataflow,ESTAT:ISOC_E_DII(1.0),A,GE250,C10-S951_X_K,E_DI3_HI,PC_ENT,PT,2021,42.2,
dataflow,ESTAT:ISOC_E_DII(1.0),A,GE250,C10-S951_X_K,E_DI3_HI,PC_ENT,PT,2023,40.8,
dataflow,ESTAT:ISOC_E_DII(1.0),A,GE250,C10-S951_X_K,E_DI3_HI,PC_ENT,RO,2021,20.0,
dataflow,ESTAT:ISOC_E_DII(1.0),A,GE250,C10-S951_X_K,E_DI3_HI,PC_ENT,RO,2023,22.3,
dataflow,ESTAT:ISOC_E_DII(1.0),A,GE250,C10-S951_X_K,E_DI3_HI,PC_ENT,RS,2021,17.3,
dataflow,ESTAT:ISOC_E_DII(1.0),A,GE250,C10-S951_X_K,E_DI3_HI,PC_ENT,RS,2023,30.7,
dataflow,ESTAT:ISOC_E_DII(1.0),A,GE250,C10-S951_X_K,E_DI3_HI,PC_ENT,SE,2021,41.8,
dataflow,ESTAT:ISOC_E_DII(1.0),A,GE250,C10-S951_X_K,E_DI3_HI,PC_ENT,SE,2023,43.3,b
dataflow,ESTAT:ISOC_E_DII(1.0),A,GE250,C10-S951_X_K,E_DI3_HI,PC_ENT,SI,2021,50.6,
dataflow,ESTAT:ISOC_E_DII(1.0),A,GE250,C10-S951_X_K,E_DI3_HI,PC_ENT,SI,2023,43.0,
dataflow,ESTAT:ISOC_E_DII(1.0),A,GE250,C10-S951_X_K,E_DI3_HI,PC_ENT,SK,2021,31.0,
dataflow,ESTAT:ISOC_E_DII(1.0),A,GE250,C10-S951_X_K,E_DI3_HI,PC_ENT,SK,2023,35.0,
dataflow,ESTAT:ISOC_E_DII(1.0),A,GE250,C10-S951_X_K,E_DI3_LO,PC_ENT,AT,2021,24.0,
dataflow,ESTAT:ISOC_E_DII(1.0),A,GE250,C10-S951_X_K,E_DI3_LO,PC_ENT,AT,2023,19.2,
dataflow,ESTAT:ISOC_E_DII(1.0),A,GE250,C10-S951_X_K,E_DI3_LO,PC_ENT,BA,2021,37.7,
dataflow,ESTAT:ISOC_E_DII(1.0),A,GE250,C10-S951_X_K,E_DI3_LO,PC_ENT,BA,2023,42.9,
dataflow,ESTAT:ISOC_E_DII(1.0),A,GE250,C10-S951_X_K,E_DI3_LO,PC_ENT,BE,2021,22.4,
dataflow,ESTAT:ISOC_E_DII(1.0),A,GE250,C10-S951_X_K,E_DI3_LO,PC_ENT,BE,2023,10.1,
dataflow,ESTAT:ISOC_E_DII(1.0),A,GE250,C10-S951_X_K,E_DI3_LO,PC_ENT,BG,2021,35.2,
dataflow,ESTAT:ISOC_E_DII(1.0),A,GE250,C10-S951_X_K,E_DI3_LO,PC_ENT,BG,2023,30.6,
dataflow,ESTAT:ISOC_E_DII(1.0),A,GE250,C10-S951_X_K,E_DI3_LO,PC_ENT,CY,2021,27.3,
dataflow,ESTAT:ISOC_E_DII(1.0),A,GE250,C10-S951_X_K,E_DI3_LO,PC_ENT,CY,2023,25.6,
dataflow,ESTAT:ISOC_E_DII(1.0),A,GE250,C10-S951_X_K,E_DI3_LO,PC_ENT,CZ,2021,33.7,
dataflow,ESTAT:ISOC_E_DII(1.0),A,GE250,C10-S951_X_K,E_DI3_LO,PC_ENT,CZ,2023,28.3,
dataflow,ESTAT:ISOC_E_DII(1.0),A,GE250,C10-S951_X_K,E_DI3_LO,PC_ENT,DE,2021,26.7,
dataflow,ESTAT:ISOC_E_DII(1.0),A,GE250,C10-S951_X_K,E_DI3_LO,PC_ENT,DE,2023,23.2,
dataflow,ESTAT:ISOC_E_DII(1.0),A,GE250,C10-S951_X_K,E_DI3_LO,PC_ENT,DK,2021,13.3,
dataflow,ESTAT:ISOC_E_DII(1.0),A,GE250,C10-S951_X_K,E_DI3_LO,PC_ENT,DK,2023,14.1,
dataflow,ESTAT:ISOC_E_DII(1.0),A,GE250,C10-S951_X_K,E_DI3_LO,PC_ENT,EA,2021,27.5,
dataflow,ESTAT:ISOC_E_DII(1.0),A,GE250,C10-S951_X_K,E_DI3_LO,PC_ENT,EA,2023,22.0,
dataflow,ESTAT:ISOC_E_DII(1.0),A,GE250,C10-S951_X_K,E_DI3_LO,PC_ENT,EE,2021,30.1,
dataflow,ESTAT:ISOC_E_DII(1.0),A,GE250,C10-S951_X_K,E_DI3_LO,PC_ENT,EE,2023,27.3,
dataflow,ESTAT:ISOC_E_DII(1.0),A,GE250,C10-S951_X_K,E_DI3_LO,PC_ENT,EL,2021,37.3,
dataflow,ESTAT:ISOC_E_DII(1.0),A,GE250,C10-S951_X_K,E_DI3_LO,PC_ENT,EL,2023,34.4,
dataflow,ESTAT:ISOC_E_DII(1.0),A,GE250,C10-S951_X_K,E_DI3_LO,PC_ENT,ES,2021,26.5,
dataflow,ESTAT:ISOC_E_DII(1.0),A,GE250,C10-S951_X_K,E_DI3_LO,PC_ENT,ES,2023,17.6,
dataflow,ESTAT:ISOC_E_DII(1.0),A,GE250,C10-S951_X_K,E_DI3_LO,PC_ENT,EU27_2020,2021,28.4,
dataflow,ESTAT:ISOC_E_DII(1.0),A,GE250,C10-S951_X_K,E_DI3_LO,PC_ENT,EU27_2020,2023,22.7,
dataflow,ESTAT:ISOC_E_DII(1.0),A,GE250,C10-S951_X_K,E_DI3_LO,PC_ENT,FI,2021,7.0,
dataflow,ESTAT:ISOC_E_DII(1.0),A,GE250,C10-S951_X_K,E_DI3_LO,PC_ENT,FI,2023,3.5,
dataflow,ESTAT:ISOC_E_DII(1.0),A,GE250,C10-S951_X_K,E_DI3_LO,PC_ENT,FR,2021,35.3,
dataflow,ESTAT:ISOC_E_DII(1.0),A,GE250,C10-S951_X_K,E_DI3_LO,PC_ENT,FR,2023,26.9,b
dataflow,ESTAT:ISOC_E_DII(1.0),A,GE250,C10-S951_X_K,E_DI3_LO,PC_ENT,HR,2021,34.6,
dataflow,ESTAT:ISOC_E_DII(1.0),A,GE250,C10-S951_X_K,E_DI3_LO,PC_ENT,HR,2023,27.3,
dataflow,ESTAT:ISOC_E_DII(1.0),A,GE250,C10-S951_X_K,E_DI3_LO,PC_ENT,HU,2021,36.0,
dataflow,ESTAT:ISOC_E_DII(1.0),A,GE250,C10-S951_X_K,E_DI3_LO,PC_ENT,HU,2023,26.2,
dataflow,ESTAT:ISOC_E_DII(1.0),A,GE250,C10-S951_X_K,E_DI3_LO,PC_ENT,IE,2021,25.2,
dataflow,ESTAT:ISOC_E_DII(1.0),A,GE250,C10-S951_X_K,E_DI3_LO,PC_ENT,IE,2023,18.8,
dataflow,ESTAT:ISOC_E_DII(1.0),A,GE250,C10-S951_X_K,E_DI3_LO,PC_ENT,IT,2021,26.2,
dataflow,ESTAT:ISOC_E_DII(1.0),A,GE250,C10-S951_X_K,E_DI3_LO,PC_ENT,IT,2023,23.0,
dataflow,ESTAT:ISOC_E_DII(1.0),A,GE250,C10-S951_X_K,E_DI3_LO,PC_ENT,LT,2021,32.1,
dataflow,ESTAT:ISOC_E_DII(1.0),A,GE250,C10-S951_X_K,E_DI3_LO,PC_ENT,LT,2023,23.7,
dataflow,ESTAT:ISOC_E_DII(1.0),A,GE250,C10-S951_X_K,E_DI3_LO,PC_ENT,LU,2021,33.5,
dataflow,ESTAT:ISOC_E_DII(1.0),A,GE250,C10-S951_X_K,E_DI3_LO,PC_ENT,LU,2023,31.8,
dataflow,ESTAT:ISOC_E_DII(1.0),A,GE250,C10-S951_X_K,E_DI3_LO,PC_ENT,LV,2021,31.2,
dataflow,ESTAT:ISOC_E_DII(1.0),A,GE250,C10-S951_X_K,E_DI3_LO,PC_ENT,LV,2023,28.5,
dataflow,ESTAT:ISOC_E_DII(1.0),A,GE250,C10-S951_X_K,E_DI3_LO,PC_ENT,ME,2021,23.2,
dataflow,ESTAT:ISOC_E_DII(1.0),A,GE250,C10-S951_X_K,E_DI3_LO,PC_ENT,ME,2023,,c
dataflow,ESTAT:ISOC_E_DII(1.0),A,GE250,C10-S951_X_K,E_DI3_LO,PC_ENT,MK,2021,42.4,
dataflow,ESTAT:ISOC_E_DII(1.0),A,GE250,C10-S951_X_K,E_DI3_LO,PC_ENT,MT,2021,18.8,
dataflow,ESTAT:ISOC_E_DII(1.0),A,GE250,C10-S951_X_K,E_DI3_LO,PC_ENT,MT,2023,14.5,
dataflow,ESTAT:ISOC_E_DII(1.0),A,GE250,C10-S951_X_K,E_DI3_LO,PC_ENT,NL,2021,21.2,
dataflow,ESTAT:ISOC_E_DII(1.0),A,GE250,C10-S951_X_K,E_DI3_LO,PC_ENT,NL,2023,11.0,
dataflow,ESTAT:ISOC_E_DII(1.0),A,GE250,C10-S951_X_K,E_DI3_LO,PC_ENT,NO,2021,15.9,
dataflow,ESTAT:ISOC_E_DII(1.0),A,GE250,C10-S951_X_K,E_DI3_LO,PC_ENT,NO,2023,16.4,
dataflow,ESTAT:ISOC_E_DII(1.0),A,GE250,C10-S951_X_K,E_DI3_LO,PC_ENT,PL,2021,33.2,
dataflow,ESTAT:ISOC_E_DII(1.0),A,GE250,C10-S951_X_K,E_DI3_LO,PC_ENT,PL,2023,24.1,
dataflow,ESTAT:ISOC_E_DII(1.0),A,GE250,C10-S951_X_K,E_DI3_LO,PC_ENT,PT,2021,30.0,
dataflow,ESTAT:ISOC_E_DII(1.0),A,GE250,C10-S951_X_K,E_DI3_LO,PC_ENT,PT,2023,24.1,
dataflow,ESTAT:ISOC_E_DII(1.0),A,GE250,C10-S951_X_K,E_DI3_LO,PC_ENT,RO,2021,37.6,
dataflow,ESTAT:ISOC_E_DII(1.0),A,GE250,C10-S951_X_K,E_DI3_LO,PC_ENT,RO,2023,33.6,
dataflow,ESTAT:ISOC_E_DII(1.0),A,GE250,C10-S951_X_K,E_DI3_LO,PC_ENT,RS,2021,43.7,
dataflow,ESTAT:ISOC_E_DII(1.0),A,GE250,C10-S951_X_K,E_DI3_LO,PC_ENT,RS,2023,37.1,
dataflow,ESTAT:ISOC_E_DII(1.0),A,GE250,C10-S951_X_K,E_DI3_LO,PC_ENT,SE,2021,10.9,
dataflow,ESTAT:ISOC_E_DII(1.0),A,GE250,C10-S951_X_K,E_DI3_LO,PC_ENT,SE,2023,14.1,b
dataflow,ESTAT:ISOC_E_DII(1.0),A,GE250,C10-S951_X_K,E_DI3_LO,PC_ENT,SI,2021,19.8,
dataflow,ESTAT:ISOC_E_DII(1.0),A,GE250,C10-S951_X_K,E_DI3_LO,PC_ENT,SI,2023,17.0,
dataflow,ESTAT:ISOC_E_DII(1.0),A,GE250,C10-S951_X_K,E_DI3_LO,PC_ENT,SK,2021,35.8,
dataflow,ESTAT:ISOC_E_DII(1.0),A,GE250,C10-S951_X_K,E_DI3_LO,PC_ENT,SK,2023,34.7,
dataflow,ESTAT:ISOC_E_DII(1.0),A,GE250,C10-S951_X_K,E_DI3_VHI,PC_ENT,AT,2021,24.9,
dataflow,ESTAT:ISOC_E_DII(1.0),A,GE250,C10-S951_X_K,E_DI3_VHI,PC_ENT,AT,2023,27.0,
dataflow,ESTAT:ISOC_E_DII(1.0),A,GE250,C10-S951_X_K,E_DI3_VHI,PC_ENT,BA,2021,3.7,
dataflow,ESTAT:ISOC_E_DII(1.0),A,GE250,C10-S951_X_K,E_DI3_VHI,PC_ENT,BA,2023,6.2,
dataflow,ESTAT:ISOC_E_DII(1.0),A,GE250,C10-S951_X_K,E_DI3_VHI,PC_ENT,BE,2021,19.0,
dataflow,ESTAT:ISOC_E_DII(1.0),A,GE250,C10-S951_X_K,E_DI3_VHI,PC_ENT,BE,2023,45.6,
dataflow,ESTAT:ISOC_E_DII(1.0),A,GE250,C10-S951_X_K,E_DI3_VHI,PC_ENT,BG,2021,5.0,
dataflow,ESTAT:ISOC_E_DII(1.0),A,GE250,C10-S951_X_K,E_DI3_VHI,PC_ENT,BG,2023,7.4,
dataflow,ESTAT:ISOC_E_DII(1.0),A,GE250,C10-S951_X_K,E_DI3_VHI,PC_ENT,CY,2021,9.0,
dataflow,ESTAT:ISOC_E_DII(1.0),A,GE250,C10-S951_X_K,E_DI3_VHI,PC_ENT,CY,2023,21.8,
dataflow,ESTAT:ISOC_E_DII(1.0),A,GE250,C10-S951_X_K,E_DI3_VHI,PC_ENT,CZ,2021,17.4,
dataflow,ESTAT:ISOC_E_DII(1.0),A,GE250,C10-S951_X_K,E_DI3_VHI,PC_ENT,CZ,2023,21.2,
dataflow,ESTAT:ISOC_E_DII(1.0),A,GE250,C10-S951_X_K,E_DI3_VHI,PC_ENT,DE,2021,18.6,
dataflow,ESTAT:ISOC_E_DII(1.0),A,GE250,C10-S951_X_K,E_DI3_VHI,PC_ENT,DE,2023,27.7,
dataflow,ESTAT:ISOC_E_DII(1.0),A,GE250,C10-S951_X_K,E_DI3_VHI,PC_ENT,DK,2021,46.0,
dataflow,ESTAT:ISOC_E_DII(1.0),A,GE250,C10-S951_X_K,E_DI3_VHI,PC_ENT,DK,2023,30.2,
dataflow,ESTAT:ISOC_E_DII(1.0),A,GE250,C10-S951_X_K,E_DI3_VHI,PC_ENT,EA,2021,17.1,
dataflow,ESTAT:ISOC_E_DII(1.0),A,GE250,C10-S951_X_K,E_DI3_VHI,PC_ENT,EA,2023,28.1,
dataflow,ESTAT:ISOC_E_DII(1.0),A,GE250,C10-S951_X_K,E_DI3_VHI,PC_ENT,EE,2021,18.5,
dataflow,ESTAT:ISOC_E_DII(1.0),A,GE250,C10-S951_X_K,E_DI3_VHI,PC_ENT,EE,2023,24.8,
dataflow,ESTAT:ISOC_E_DII(1.0),A,GE250,C10-S951_X_K,E_DI3_VHI,PC_ENT,EL,2021,7.0,
dataflow,ESTAT:ISOC_E_DII(1.0),A,GE250,C10-S951_X_K,E_DI3_VHI,PC_ENT,EL,2023,13.1,
dataflow,ESTAT:ISOC_E_DII(1.0),A,GE250,C10-S951_X_K,E_DI3_VHI,PC_ENT,ES,2021,18.9,
dataflow,ESTAT:ISOC_E_DII(1.0),A,GE250,C10-S951_X_K,E_DI3_VHI,PC_ENT,ES,2023,37.1,
dataflow,ESTAT:ISOC_E_DII(1.0),A,GE250,C10-S951_X_K,E_DI3_VHI,PC_ENT,EU27_2020,2021,17.1,
dataflow,ESTAT:ISOC_E_DII(1.0),A,GE250,C10-S951_X_K,E_DI3_VHI,PC_ENT,EU27_2020,2023,26.3,
dataflow,ESTAT:ISOC_E_DII(1.0),A,GE250,C10-S951_X_K,E_DI3_VHI,PC_ENT,FI,2021,48.3,
dataflow,ESTAT:ISOC_E_DII(1.0),A,GE250,C10-S951_X_K,E_DI3_VHI,PC_ENT,FI,2023,56.7,
dataflow,ESTAT:ISOC_E_DII(1.0),A,GE250,C10-S951_X_K,E_DI3_VHI,PC_ENT,FR,2021,7.6,
dataflow,ESTAT:ISOC_E_DII(1.0),A,GE250,C10-S951_X_K,E_DI3_VHI,PC_ENT,FR,2023,21.3,b
dataflow,ESTAT:ISOC_E_DII(1.0),A,GE250,C10-S951_X_K,E_DI3_VHI,PC_ENT,HR,2021,16.5,
dataflow,ESTAT:ISOC_E_DII(1.0),A,GE250,C10-S951_X_K,E_DI3_VHI,PC_ENT,HR,2023,21.0,
dataflow,ESTAT:ISOC_E_DII(1.0),A,GE250,C10-S951_X_K,E_DI3_VHI,PC_ENT,HU,2021,10.9,
dataflow,ESTAT:ISOC_E_DII(1.0),A,GE250,C10-S951_X_K,E_DI3_VHI,PC_ENT,HU,2023,17.5,
dataflow,ESTAT:ISOC_E_DII(1.0),A,GE250,C10-S951_X_K,E_DI3_VHI,PC_ENT,IE,2021,19.2,
dataflow,ESTAT:ISOC_E_DII(1.0),A,GE250,C10-S951_X_K,E_DI3_VHI,PC_ENT,IE,2023,27.7,
dataflow,ESTAT:ISOC_E_DII(1.0),A,GE250,C10-S951_X_K,E_DI3_VHI,PC_ENT,IT,2021,19.9,
dataflow,ESTAT:ISOC_E_DII(1.0),A,GE250,C10-S951_X_K,E_DI3_VHI,PC_ENT,IT,2023,24.1,
dataflow,ESTAT:ISOC_E_DII(1.0),A,GE250,C10-S951_X_K,E_DI3_VHI,PC_ENT,LT,2021,14.8,
dataflow,ESTAT:ISOC_E_DII(1.0),A,GE250,C10-S951_X_K,E_DI3_VHI,PC_ENT,LT,2023,18.9,
dataflow,ESTAT:ISOC_E_DII(1.0),A,GE250,C10-S951_X_K,E_DI3_VHI,PC_ENT,LU,2021,10.6,
dataflow,ESTAT:ISOC_E_DII(1.0),A,GE250,C10-S951_X_K,E_DI3_VHI,PC_ENT,LU,2023,22.6,
dataflow,ESTAT:ISOC_E_DII(1.0),A,GE250,C10-S951_X_K,E_DI3_VHI,PC_ENT,LV,2021,10.9,
dataflow,ESTAT:ISOC_E_DII(1.0),A,GE250,C10-S951_X_K,E_DI3_VHI,PC_ENT,LV,2023,23.2,
dataflow,ESTAT:ISOC_E_DII(1.0),A,GE250,C10-S951_X_K,E_DI3_VHI,PC_ENT,ME,2021,9.1,
dataflow,ESTAT:ISOC_E_DII(1.0),A,GE250,C10-S951_X_K,E_DI3_VHI,PC_ENT,ME,2023,,c
dataflow,ESTAT:ISOC_E_DII(1.0),A,GE250,C10-S951_X_K,E_DI3_VHI,PC_ENT,MK,2021,3.4,
dataflow,ESTAT:ISOC_E_DII(1.0),A,GE250,C10-S951_X_K,E_DI3_VHI,PC_ENT,MT,2021,15.0,
dataflow,ESTAT:ISOC_E_DII(1.0),A,GE250,C10-S951_X_K,E_DI3_VHI,PC_ENT,MT,2023,33.7,
dataflow,ESTAT:ISOC_E_DII(1.0),A,GE250,C10-S951_X_K,E_DI3_VHI,PC_ENT,NL,2021,12.7,
dataflow,ESTAT:ISOC_E_DII(1.0),A,GE250,C10-S951_X_K,E_DI3_VHI,PC_ENT,NL,2023,35.9,
dataflow,ESTAT:ISOC_E_DII(1.0),A,GE250,C10-S951_X_K,E_DI3_VHI,PC_ENT,NO,2021,33.7,
dataflow,ESTAT:ISOC_E_DII(1.0),A,GE250,C10-S951_X_K,E_DI3_VHI,PC_ENT,NO,2023,34.1,
dataflow,ESTAT:ISOC_E_DII(1.0),A,GE250,C10-S951_X_K,E_DI3_VHI,PC_ENT,PL,2021,15.7,
dataflow,ESTAT:ISOC_E_DII(1.0),A,GE250,C10-S951_X_K,E_DI3_VHI,PC_ENT,PL,2023,22.0,
dataflow,ESTAT:ISOC_E_DII(1.0),A,GE250,C10-S951_X_K,E_DI3_VHI,PC_ENT,PT,2021,16.5,
dataflow,ESTAT:ISOC_E_DII(1.0),A,GE250,C10-S951_X_K,E_DI3_VHI,PC_ENT,PT,2023,27.1,
dataflow,ESTAT:ISOC_E_DII(1.0),A,GE250,C10-S951_X_K,E_DI3_VHI,PC_ENT,RO,2021,3.2,
dataflow,ESTAT:ISOC_E_DII(1.0),A,GE250,C10-S951_X_K,E_DI3_VHI,PC_ENT,RO,2023,5.0,
dataflow,ESTAT:ISOC_E_DII(1.0),A,GE250,C10-S951_X_K,E_DI3_VHI,PC_ENT,RS,2021,4.6,
dataflow,ESTAT:ISOC_E_DII(1.0),A,GE250,C10-S951_X_K,E_DI3_VHI,PC_ENT,RS,2023,8.3,
dataflow,ESTAT:ISOC_E_DII(1.0),A,GE250,C10-S951_X_K,E_DI3_VHI,PC_ENT,SE,2021,45.8,
dataflow,ESTAT:ISOC_E_DII(1.0),A,GE250,C10-S951_X_K,E_DI3_VHI,PC_ENT,SE,2023,40.7,b
dataflow,ESTAT:ISOC_E_DII(1.0),A,GE250,C10-S951_X_K,E_DI3_VHI,PC_ENT,SI,2021,25.9,
dataflow,ESTAT:ISOC_E_DII(1.0),A,GE250,C10-S951_X_K,E_DI3_VHI,PC_ENT,SI,2023,36.6,
dataflow,ESTAT:ISOC_E_DII(1.0),A,GE250,C10-S951_X_K,E_DI3_VHI,PC_ENT,SK,2021,9.4,
dataflow,ESTAT:ISOC_E_DII(1.0),A,GE250,C10-S951_X_K,E_DI3_VHI,PC_ENT,SK,2023,14.9,
dataflow,ESTAT:ISOC_E_DII(1.0),A,GE250,C10-S951_X_K,E_DI3_VLO,PC_ENT,AT,2021,3.7,
dataflow,ESTAT:ISOC_E_DII(1.0),A,GE250,C10-S951_X_K,E_DI3_VLO,PC_ENT,AT,2023,4.7,
dataflow,ESTAT:ISOC_E_DII(1.0),A,GE250,C10-S951_X_K,E_DI3_VLO,PC_ENT,BA,2021,34.1,
dataflow,ESTAT:ISOC_E_DII(1.0),A,GE250,C10-S951_X_K,E_DI3_VLO,PC_ENT,BA,2023,24.1,
dataflow,ESTAT:ISOC_E_DII(1.0),A,GE250,C10-S951_X_K,E_DI3_VLO,PC_ENT,BE,2021,4.5,
dataflow,ESTAT:ISOC_E_DII(1.0),A,GE250,C10-S951_X_K,E_DI3_VLO,PC_ENT,BE,2023,3.0,
dataflow,ESTAT:ISOC_E_DII(1.0),A,GE250,C10-S951_X_K,E_DI3_VLO,PC_ENT,BG,2021,39.4,
dataflow,ESTAT:ISOC_E_DII(1.0),A,GE250,C10-S951_X_K,E_DI3_VLO,PC_ENT,BG,2023,33.7,
dataflow,ESTAT:ISOC_E_DII(1.0),A,GE250,C10-S951_X_K,E_DI3_VLO,PC_ENT,CY,2021,3.4,
dataflow,ESTAT:ISOC_E_DII(1.0),A,GE250,C10-S951_X_K,E_DI3_VLO,PC_ENT,CY,2023,3.6,
dataflow,ESTAT:ISOC_E_DII(1.0),A,GE250,C10-S951_X_K,E_DI3_VLO,PC_ENT,CZ,2021,10.4,
dataflow,ESTAT:ISOC_E_DII(1.0),A,GE250,C10-S951_X_K,E_DI3_VLO,PC_ENT,CZ,2023,8.8,
dataflow,ESTAT:ISOC_E_DII(1.0),A,GE250,C10-S951_X_K,E_DI3_VLO,PC_ENT,DE,2021,11.5,
dataflow,ESTAT:ISOC_E_DII(1.0),A,GE250,C10-S951_X_K,E_DI3_VLO,PC_ENT,DE,2023,7.1,
dataflow,ESTAT:ISOC_E_DII(1.0),A,GE250,C10-S951_X_K,E_DI3_VLO,PC_ENT,DK,2021,2.3,
dataflow,ESTAT:ISOC_E_DII(1.0),A,GE250,C10-S951_X_K,E_DI3_VLO,PC_ENT,DK,2023,3.3,
dataflow,ESTAT:ISOC_E_DII(1.0),A,GE250,C10-S951_X_K,E_DI3_VLO,PC_ENT,EA,2021,10.4,
dataflow,ESTAT:ISOC_E_DII(1.0),A,GE250,C10-S951_X_K,E_DI3_VLO,PC_ENT,EA,2023,7.8,
dataflow,ESTAT:ISOC_E_DII(1.0),A,GE250,C10-S951_X_K,E_DI3_VLO,PC_ENT,EE,2021,10.3,
dataflow,ESTAT:ISOC_E_DII(1.0),A,GE250,C10-S951_X_K,E_DI3_VLO,PC_ENT,EE,2023,5.5,
dataflow,ESTAT:ISOC_E_DII(1.0),A,GE250,C10-S951_X_K,E_DI3_VLO,PC_ENT,EL,2021,26.7,
dataflow,ESTAT:ISOC_E_DII(1.0),A,GE250,C10-S951_X_K,E_DI3_VLO,PC_ENT,EL,2023,23.6,
dataflow,ESTAT:ISOC_E_DII(1.0),A,GE250,C10-S951_X_K,E_DI3_VLO,PC_ENT,ES,2021,10.4,
dataflow,ESTAT:ISOC_E_DII(1.0),A,GE250,C10-S951_X_K,E_DI3_VLO,PC_ENT,ES,2023,7.1,
dataflow,ESTAT:ISOC_E_DII(1.0),A,GE250,C10-S951_X_K,E_DI3_VLO,PC_ENT,EU27_2020,2021,11.9,
dataflow,ESTAT:ISOC_E_DII(1.0),A,GE250,C10-S951_X_K,E_DI3_VLO,PC_ENT,EU27_2020,2023,9.0,
dataflow,ESTAT:ISOC_E_DII(1.0),A,GE250,C10-S951_X_K,E_DI3_VLO,PC_ENT,FI,2021,,u
dataflow,ESTAT:ISOC_E_DII(1.0),A,GE250,C10-S951_X_K,E_DI3_VLO,PC_ENT,FI,2023,,u
dataflow,ESTAT:ISOC_E_DII(1.0),A,GE250,C10-S951_X_K,E_DI3_VLO,PC_ENT,FR,2021,10.6,
dataflow,ESTAT:ISOC_E_DII(1.0),A,GE250,C10-S951_X_K,E_DI3_VLO,PC_ENT,FR,2023,9.8,b
dataflow,ESTAT:ISOC_E_DII(1.0),A,GE250,C10-S951_X_K,E_DI3_VLO,PC_ENT,HR,2021,19.2,
dataflow,ESTAT:ISOC_E_DII(1.0),A,GE250,C10-S951_X_K,E_DI3_VLO,PC_ENT,HR,2023,9.4,
dataflow,ESTAT:ISOC_E_DII(1.0),A,GE250,C10-S951_X_K,E_DI3_VLO,PC_ENT,HU,2021,17.6,
dataflow,ESTAT:ISOC_E_DII(1.0),A,GE250,C10-S951_X_K,E_DI3_VLO,PC_ENT,HU,2023,6.5,
dataflow,ESTAT:ISOC_E_DII(1.0),A,GE250,C10-S951_X_K,E_DI3_VLO,PC_ENT,IE,2021,5.7,
dataflow,ESTAT:ISOC_E_DII(1.0),A,GE250,C10-S951_X_K,E_DI3_VLO,PC_ENT,IE,2023,6.2,
dataflow,ESTAT:ISOC_E_DII(1.0),A,GE250,C10-S951_X_K,E_DI3_VLO,PC_ENT,IT,2021,12.2,
dataflow,ESTAT:ISOC_E_DII(1.0),A,GE250,C10-S951_X_K,E_DI3_VLO,PC_ENT,IT,2023,8.9,
dataflow,ESTAT:ISOC_E_DII(1.0),A,GE250,C10-S951_X_K,E_DI3_VLO,PC_ENT,LT,2021,8.6,
dataflow,ESTAT:ISOC_E_DII(1.0),A,GE250,C10-S951_X_K,E_DI3_VLO,PC_ENT,LT,2023,6.4,
dataflow,ESTAT:ISOC_E_DII(1.0),A,GE250,C10-S951_X_K,E_DI3_VLO,PC_ENT,LU,2021,11.2,
dataflow,ESTAT:ISOC_E_DII(1.0),A,GE250,C10-S951_X_K,E_DI3_VLO,PC_ENT,LU,2023,6.1,
dataflow,ESTAT:ISOC_E_DII(1.0),A,GE250,C10-S951_X_K,E_DI3_VLO,PC_ENT,LV,2021,11.4,
dataflow,ESTAT:ISOC_E_DII(1.0),A,GE250,C10-S951_X_K,E_DI3_VLO,PC_ENT,LV,2023,6.3,
dataflow,ESTAT:ISOC_E_DII(1.0),A,GE250,C10-S951_X_K,E_DI3_VLO,PC_ENT,ME,2021,32.8,
dataflow,ESTAT:ISOC_E_DII(1.0),A,GE250,C10-S951_X_K,E_DI3_VLO,PC_ENT,ME,2023,,c
dataflow,ESTAT:ISOC_E_DII(1.0),A,GE250,C10-S951_X_K,E_DI3_VLO,PC_ENT,MK,2021,36.4,
dataflow,ESTAT:ISOC_E_DII(1.0),A,GE250,C10-S951_X_K,E_DI3_VLO,PC_ENT,MT,2021,17.5,
dataflow,ESTAT:ISOC_E_DII(1.0),A,GE250,C10-S951_X_K,E_DI3_VLO,PC_ENT,MT,2023,9.6,
dataflow,ESTAT:ISOC_E_DII(1.0),A,GE250,C10-S951_X_K,E_DI3_VLO,PC_ENT,NL,2021,4.9,
dataflow,ESTAT:ISOC_E_DII(1.0),A,GE250,C10-S951_X_K,E_DI3_VLO,PC_ENT,NL,2023,6.4,
dataflow,ESTAT:ISOC_E_DII(1.0),A,GE250,C10-S951_X_K,E_DI3_VLO,PC_ENT,NO,2021,4.1,
dataflow,ESTAT:ISOC_E_DII(1.0),A,GE250,C10-S951_X_K,E_DI3_VLO,PC_ENT,NO,2023,2.9,
dataflow,ESTAT:ISOC_E_DII(1.0),A,GE250,C10-S951_X_K,E_DI3_VLO,PC_ENT,PL,2021,9.9,
dataflow,ESTAT:ISOC_E_DII(1.0),A,GE250,C10-S951_X_K,E_DI3_VLO,PC_ENT,PL,2023,5.9,
dataflow,ESTAT:ISOC_E_DII(1.0),A,GE250,C10-S951_X_K,E_DI3_VLO,PC_ENT,PT,2021,11.3,
dataflow,ESTAT:ISOC_E_DII(1.0),A,GE250,C10-S951_X_K,E_DI3_VLO,PC_ENT,PT,2023,7.9,
dataflow,ESTAT:ISOC_E_DII(1.0),A,GE250,C10-S951_X_K,E_DI3_VLO,PC_ENT,RO,2021,39.2,
dataflow,ESTAT:ISOC_E_DII(1.0),A,GE250,C10-S951_X_K,E_DI3_VLO,PC_ENT,RO,2023,39.1,
dataflow,ESTAT:ISOC_E_DII(1.0),A,GE250,C10-S951_X_K,E_DI3_VLO,PC_ENT,RS,2021,34.4,
dataflow,ESTAT:ISOC_E_DII(1.0),A,GE250,C10-S951_X_K,E_DI3_VLO,PC_ENT,RS,2023,23.8,
dataflow,ESTAT:ISOC_E_DII(1.0),A,GE250,C10-S951_X_K,E_DI3_VLO,PC_ENT,SE,2021,1.5,
dataflow,ESTAT:ISOC_E_DII(1.0),A,GE250,C10-S951_X_K,E_DI3_VLO,PC_ENT,SE,2023,1.9,b
dataflow,ESTAT:ISOC_E_DII(1.0),A,GE250,C10-S951_X_K,E_DI3_VLO,PC_ENT,SI,2021,3.6,
dataflow,ESTAT:ISOC_E_DII(1.0),A,GE250,C10-S951_X_K,E_DI3_VLO,PC_ENT,SI,2023,3.4,
dataflow,ESTAT:ISOC_E_DII(1.0),A,GE250,C10-S951_X_K,E_DI3_VLO,PC_ENT,SK,2021,23.7,
dataflow,ESTAT:ISOC_E_DII(1.0),A,GE250,C10-S951_X_K,E_DI3_VLO,PC_ENT,SK,2023,15.5,
